{
  "config_hash": "080c98a3",
  "tta_n": 4,
  "results": {
    "HAMCNN": {
      "accuracy": 0.6953179594689028,
      "macro_f1": 0.5081119520031899,
      "auc_roc": 0.9278046025313983,
      "ece": 0.22732431237969175
    },
    "EnhancedCNN": {
      "accuracy": 0.6946191474493362,
      "macro_f1": 0.5310090062306208,
      "auc_roc": 0.934396696544377,
      "ece": 0.2504547642274473
    },
    "DoubleCNN": {
      "accuracy": 0.6939203354297694,
      "macro_f1": 0.516292118009942,
      "auc_roc": 0.9305290014329365,
      "ece": 0.24996117391551315
    },
    "ViT (vit_small_patch14_dinov2)": {
      "accuracy": 0.8532494758909853,
      "macro_f1": 0.7903290201473725,
      "auc_roc": 0.9530682169546347,
      "ece": 0.16313286472416524
    },
    "EfficientNetB3": {
      "accuracy": 0.8134171907756813,
      "macro_f1": 0.7036093296358571,
      "auc_roc": 0.9619945317926931,
      "ece": 0.24607011165592238
    },
    "Ensemble (5 models)": {
      "accuracy": 0.8609364081062194,
      "macro_f1": 0.807039497308053,
      "auc_roc": 0.9656774190422546,
      "ece": 0.25192330699546783
    }
  }
}